Workbook

Sheet Raw Data
A1: Car Number | B1: Car Name | C1: Category | D1: Price/Day | E1: Quantity | F1: Status
A2: Car#1 | B2: Toyota Corolla | C2: Economy | D2: 5000 | E2: 8 | F2: Available
A3: Car#2 | B3: Honda Civic | C3: Sedan | D3: 6500 | E3: 6 | F3: Available
A4: Car#3 | B4: BMW M5 | C4: SUV | D4: 12000 | E4: 4 | F4: Limited
A5: Car#4 | B5: Suzuki Alto | C5: Economy | D5: 3500 | E5: 10 | F5: Available
A6: Car#5 | B6: Land Cruiser | C6: Luxury | D6: 15000 | E6: 2 | F6: Limited

Sheet Calculations
A1: Car Name | B1: Prize/Day | C1: Rental Days | D1: Total Cost
A2: ='Raw Data'!B2 -> Toyota Corolla | B2: ='Raw Data'!D2 -> 5000 | C2: 5 | D2: =B2*C2 -> 25000
A3: ='Raw Data'!B3 -> Honda Civic | B3: ='Raw Data'!D3 -> 6500 | C3: 4 | D3: =B3*C3 -> 26000
A4: ='Raw Data'!B4 -> BMW M5 | B4: ='Raw Data'!D4 -> 12000 | C4: 2 | D4: =B4*C4 -> 24000
A5: ='Raw Data'!B5 -> Suzuki Alto | B5: ='Raw Data'!D5 -> 3500 | C5: 6 | D5: =B5*C5 -> 21000
A6: ='Raw Data'!B6 -> Land Cruiser | B6: ='Raw Data'!D6 -> 15000 | C6: 3 | D6: =B6*C6 -> 45000

Sheet Booking Data
A1: BookingID | B1: UserID | C1: Car Name | D1: Start Date | E1: End Date | F1: Days | G1: Total Cost | H1: Status
A3: B#1 | B3: ='Login-Sign-up'!A3 -> User#1 | C3: ='Raw Data'!B2 -> Toyota Corolla | D3: 46027 | E3: 46147 | F3: 4 | G3: 20000 | H3: Confirmed
A4: B#2 | B4: ='Login-Sign-up'!A4 -> User#2 | C4: ='Raw Data'!B3 -> Honda Civic | D4: 46058 | E4: 46178 | F4: 4 | G4: =Calculations!D3 -> 26000 | H4: Pending
A5: B#3 | B5: ='Login-Sign-up'!A5 -> User#3 | C5: ='Raw Data'!B4 -> BMW M5 | D5: 46086 | E5: 46117 | F5: 1 | G5: 12000 | H5: Cancelled
A6: B#4 | B6: ='Login-Sign-up'!A6 -> User#4 | C6: ='Raw Data'!B5 -> Suzuki Alto | D6: 46117 | E6: 46239 | F6: 4 | G6: 14000 | H6: Confirmed

Sheet Login-Sign-up
A1: UserID | B1: Full Name | C1: E-mail | D1: Contact Number | E1: Password | F1: Status
A3: User#1 | B3: Ali Khan | C3: ali24@gmail.com | D3: 0302-12346789 | E3: ali987 | F3: Active
A4: User#2 | B4: Ahmad Ali | C4: ahmd@gmail.com | D4: 0300-0234567 | E4: ahmi877 | F4: Active
A5: User#3 | B5: Huzaifa | C5: huz@gmailcom | D5: 0333-7896543 | E5: huzaiifa8 | F5: Active
A6: User#4 | B6: Soban | C6: sobi@gmail.com | D6: 0354-6677234 | E6: sobi00 | F6: Active
A7: User#5 | B7: Hamza | C7: tayab@gmail.com | D7: 0321-1234523 | E7: hamza8 | F7: Active

Sheet  Summary Dashboard
A1: Data Summary
A3: Description | B3: Value
A4: Total Cars | B4: =SUM('Raw Data'!E2:E6) -> 30
A5: Available Cars | B5: =COUNTIF('Raw Data'!F2:F6,"Available") -> 3
A6: Total Revenue | B6: =SUM('Booking Data'!G3:G6) -> 72000
A7: Average price | B7: =AVERAGE('Raw Data'!D2:D6) -> 8400
